id,tenant_id,horario_base_id,coach_id,disciplina_id,fecha,hora_inicio,hora_fin,cupo_maximo,asistentes_confirmados,cancelada,created_at,updated_at,wod_id
1,1,1,1,1,2026-07-01,20:00:00,21:00:00,16,0,False,2026-06-30 20:36:17.915035+00:00,2026-07-10 23:54:20.029775+00:00,
2,1,1,1,1,2026-07-03,20:00:00,21:00:00,16,0,False,2026-07-01 14:33:00.592509+00:00,2026-07-01 14:33:00.592509+00:00,
3,1,1,2,1,2026-07-03,15:33:00,16:33:00,15,0,False,2026-07-01 14:33:38.416904+00:00,2026-07-01 14:33:38.416904+00:00,
4,1,1,1,1,2026-07-04,21:00:00,22:00:00,16,0,False,2026-07-01 14:59:30.758575+00:00,2026-07-01 14:59:30.758575+00:00,
5,1,5,,1,2026-07-10,07:00:00,08:00:00,16,0,False,2026-07-10 23:30:48.620735+00:00,2026-07-10 23:30:48.620735+00:00,
6,1,10,,1,2026-07-10,08:00:00,09:00:00,16,0,False,2026-07-10 23:30:48.620735+00:00,2026-07-10 23:30:48.620735+00:00,
7,1,15,,1,2026-07-10,09:00:00,10:00:00,16,0,False,2026-07-10 23:30:48.620735+00:00,2026-07-10 23:30:48.620735+00:00,
8,1,20,,1,2026-07-10,14:00:00,15:00:00,16,0,False,2026-07-10 23:30:48.620735+00:00,2026-07-10 23:30:48.620735+00:00,
9,1,25,,1,2026-07-10,18:00:00,19:00:00,16,0,False,2026-07-10 23:30:48.620735+00:00,2026-07-10 23:30:48.620735+00:00,
10,1,30,,1,2026-07-10,19:00:00,20:00:00,16,0,False,2026-07-10 23:30:48.620735+00:00,2026-07-10 23:30:48.620735+00:00,
11,1,35,,1,2026-07-10,20:00:00,21:00:00,16,0,False,2026-07-10 23:30:48.620735+00:00,2026-07-10 23:30:48.620735+00:00,
12,1,40,,1,2026-07-10,21:00:00,22:00:00,16,0,False,2026-07-10 23:30:48.620735+00:00,2026-07-10 23:30:48.620735+00:00,
13,1,45,,3,2026-07-10,07:00:00,08:00:00,50,0,False,2026-07-10 23:30:48.620735+00:00,2026-07-10 23:30:48.620735+00:00,
14,1,50,,3,2026-07-10,08:00:00,09:00:00,50,0,False,2026-07-10 23:30:48.620735+00:00,2026-07-10 23:30:48.620735+00:00,
15,1,55,,3,2026-07-10,09:00:00,10:00:00,50,0,False,2026-07-10 23:30:48.620735+00:00,2026-07-10 23:30:48.620735+00:00,
16,1,60,,3,2026-07-10,10:00:00,14:00:00,50,0,False,2026-07-10 23:30:48.620735+00:00,2026-07-10 23:30:48.620735+00:00,
17,1,65,,3,2026-07-10,14:00:00,15:00:00,50,0,False,2026-07-10 23:30:48.620735+00:00,2026-07-10 23:30:48.620735+00:00,
18,1,70,,3,2026-07-10,15:00:00,17:00:00,50,0,False,2026-07-10 23:30:48.620735+00:00,2026-07-10 23:30:48.620735+00:00,
19,1,75,,3,2026-07-10,18:00:00,19:00:00,50,0,False,2026-07-10 23:30:48.620735+00:00,2026-07-10 23:30:48.620735+00:00,
20,1,5,,1,2026-07-10,07:00:00,08:00:00,16,0,False,2026-07-10 23:30:48.620735+00:00,2026-07-10 23:30:48.620735+00:00,
21,1,10,,1,2026-07-10,08:00:00,09:00:00,16,0,False,2026-07-10 23:30:48.620735+00:00,2026-07-10 23:30:48.620735+00:00,
22,1,15,,1,2026-07-10,09:00:00,10:00:00,16,0,False,2026-07-10 23:30:48.620735+00:00,2026-07-10 23:30:48.620735+00:00,
23,1,20,,1,2026-07-10,14:00:00,15:00:00,16,0,False,2026-07-10 23:30:48.620735+00:00,2026-07-10 23:30:48.620735+00:00,
24,1,25,,1,2026-07-10,18:00:00,19:00:00,16,0,False,2026-07-10 23:30:48.620735+00:00,2026-07-10 23:30:48.620735+00:00,
25,1,30,,1,2026-07-10,19:00:00,20:00:00,16,0,False,2026-07-10 23:30:48.620735+00:00,2026-07-10 23:30:48.620735+00:00,
26,1,35,,1,2026-07-10,20:00:00,21:00:00,16,0,False,2026-07-10 23:30:48.620735+00:00,2026-07-10 23:30:48.620735+00:00,
27,1,40,,1,2026-07-10,21:00:00,22:00:00,16,0,False,2026-07-10 23:30:48.620735+00:00,2026-07-10 23:30:48.620735+00:00,
28,1,45,,3,2026-07-10,07:00:00,08:00:00,50,0,False,2026-07-10 23:30:48.620735+00:00,2026-07-10 23:30:48.620735+00:00,
29,1,50,,3,2026-07-10,08:00:00,09:00:00,50,0,False,2026-07-10 23:30:48.620735+00:00,2026-07-10 23:30:48.620735+00:00,
30,1,55,,3,2026-07-10,09:00:00,10:00:00,50,0,False,2026-07-10 23:30:48.620735+00:00,2026-07-10 23:30:48.620735+00:00,
31,1,60,,3,2026-07-10,10:00:00,14:00:00,50,0,False,2026-07-10 23:30:48.620735+00:00,2026-07-10 23:30:48.620735+00:00,
32,1,65,,3,2026-07-10,14:00:00,15:00:00,50,0,False,2026-07-10 23:30:48.620735+00:00,2026-07-10 23:30:48.620735+00:00,
33,1,70,,3,2026-07-10,15:00:00,17:00:00,50,0,False,2026-07-10 23:30:48.620735+00:00,2026-07-10 23:30:48.620735+00:00,
34,1,75,,3,2026-07-10,18:00:00,19:00:00,50,0,False,2026-07-10 23:30:48.620735+00:00,2026-07-10 23:30:48.620735+00:00,
35,1,158,,3,2026-07-10,19:00:00,20:00:00,50,0,False,2026-07-10 23:30:48.620735+00:00,2026-07-10 23:30:48.620735+00:00,
36,1,163,,3,2026-07-10,20:00:00,21:00:00,50,0,False,2026-07-10 23:30:48.620735+00:00,2026-07-10 23:30:48.620735+00:00,
37,1,168,,3,2026-07-10,21:00:00,22:00:00,50,0,False,2026-07-10 23:30:48.620735+00:00,2026-07-10 23:30:48.620735+00:00,
38,1,173,,4,2026-07-10,07:00:00,08:00:00,50,0,False,2026-07-10 23:30:48.620735+00:00,2026-07-10 23:30:48.620735+00:00,
39,1,178,,4,2026-07-10,08:00:00,09:00:00,50,0,False,2026-07-10 23:30:48.620735+00:00,2026-07-10 23:30:48.620735+00:00,
40,1,183,,4,2026-07-10,09:00:00,10:00:00,50,0,False,2026-07-10 23:30:48.620735+00:00,2026-07-10 23:30:48.620735+00:00,
41,1,188,,4,2026-07-10,10:00:00,14:00:00,50,0,False,2026-07-10 23:30:48.620735+00:00,2026-07-10 23:30:48.620735+00:00,
42,1,193,,4,2026-07-10,14:00:00,15:00:00,50,0,False,2026-07-10 23:30:48.620735+00:00,2026-07-10 23:30:48.620735+00:00,
43,1,198,,4,2026-07-10,15:00:00,17:00:00,50,0,False,2026-07-10 23:30:48.620735+00:00,2026-07-10 23:30:48.620735+00:00,
44,1,201,,5,2026-07-10,19:00:00,20:00:00,12,0,False,2026-07-10 23:30:48.620735+00:00,2026-07-10 23:30:48.620735+00:00,
45,1,204,,5,2026-07-10,20:00:00,21:00:00,12,0,False,2026-07-10 23:30:48.620735+00:00,2026-07-10 23:30:48.620735+00:00,
49,1,205,,6,2026-07-11,10:00:00,12:00:00,16,0,False,2026-07-11 19:55:35.013462+00:00,2026-07-11 19:55:35.013462+00:00,
50,1,1,,1,2026-07-13,07:00:00,08:00:00,16,0,False,2026-07-11 19:55:35.691534+00:00,2026-07-11 19:55:35.691534+00:00,
51,1,41,,3,2026-07-13,07:00:00,08:00:00,50,0,False,2026-07-11 19:55:35.691534+00:00,2026-07-11 19:55:35.691534+00:00,
52,1,169,,4,2026-07-13,07:00:00,08:00:00,50,0,False,2026-07-11 19:55:35.691534+00:00,2026-07-11 19:55:35.691534+00:00,
53,1,41,,3,2026-07-13,07:00:00,08:00:00,50,0,False,2026-07-11 19:55:35.691534+00:00,2026-07-11 19:55:35.691534+00:00,
54,1,1,,1,2026-07-13,07:00:00,08:00:00,16,0,False,2026-07-11 19:55:35.691534+00:00,2026-07-11 19:55:35.691534+00:00,
55,1,46,,3,2026-07-13,08:00:00,09:00:00,50,0,False,2026-07-11 19:55:35.691534+00:00,2026-07-11 19:55:35.691534+00:00,
56,1,6,,1,2026-07-13,08:00:00,09:00:00,16,0,False,2026-07-11 19:55:35.691534+00:00,2026-07-11 19:55:35.691534+00:00,
57,1,174,,4,2026-07-13,08:00:00,09:00:00,50,0,False,2026-07-11 19:55:35.691534+00:00,2026-07-11 19:55:35.691534+00:00,
58,1,46,,3,2026-07-13,08:00:00,09:00:00,50,0,False,2026-07-11 19:55:35.691534+00:00,2026-07-11 19:55:35.691534+00:00,
59,1,6,,1,2026-07-13,08:00:00,09:00:00,16,0,False,2026-07-11 19:55:35.691534+00:00,2026-07-11 19:55:35.691534+00:00,
60,1,51,,3,2026-07-13,09:00:00,10:00:00,50,0,False,2026-07-11 19:55:35.691534+00:00,2026-07-11 19:55:35.691534+00:00,
61,1,11,,1,2026-07-13,09:00:00,10:00:00,16,0,False,2026-07-11 19:55:35.691534+00:00,2026-07-11 19:55:35.691534+00:00,
62,1,11,,1,2026-07-13,09:00:00,10:00:00,16,0,False,2026-07-11 19:55:35.691534+00:00,2026-07-11 19:55:35.691534+00:00,
63,1,51,,3,2026-07-13,09:00:00,10:00:00,50,0,False,2026-07-11 19:55:35.691534+00:00,2026-07-11 19:55:35.691534+00:00,
64,1,179,,4,2026-07-13,09:00:00,10:00:00,50,0,False,2026-07-11 19:55:35.691534+00:00,2026-07-11 19:55:35.691534+00:00,
65,1,56,,3,2026-07-13,10:00:00,14:00:00,50,0,False,2026-07-11 19:55:35.691534+00:00,2026-07-11 19:55:35.691534+00:00,
66,1,56,,3,2026-07-13,10:00:00,14:00:00,50,0,False,2026-07-11 19:55:35.691534+00:00,2026-07-11 19:55:35.691534+00:00,
67,1,184,,4,2026-07-13,10:00:00,14:00:00,50,0,False,2026-07-11 19:55:35.691534+00:00,2026-07-11 19:55:35.691534+00:00,
68,1,61,,3,2026-07-13,14:00:00,15:00:00,50,0,False,2026-07-11 19:55:35.691534+00:00,2026-07-11 19:55:35.691534+00:00,
69,1,16,,1,2026-07-13,14:00:00,15:00:00,16,0,False,2026-07-11 19:55:35.691534+00:00,2026-07-11 19:55:35.691534+00:00,
70,1,61,,3,2026-07-13,14:00:00,15:00:00,50,0,False,2026-07-11 19:55:35.691534+00:00,2026-07-11 19:55:35.691534+00:00,
71,1,189,,4,2026-07-13,14:00:00,15:00:00,50,0,False,2026-07-11 19:55:35.691534+00:00,2026-07-11 19:55:35.691534+00:00,
72,1,16,,1,2026-07-13,14:00:00,15:00:00,16,0,False,2026-07-11 19:55:35.691534+00:00,2026-07-11 19:55:35.691534+00:00,
73,1,194,,4,2026-07-13,15:00:00,17:00:00,50,0,False,2026-07-11 19:55:35.691534+00:00,2026-07-11 19:55:35.691534+00:00,
74,1,66,,3,2026-07-13,15:00:00,17:00:00,50,0,False,2026-07-11 19:55:35.691534+00:00,2026-07-11 19:55:35.691534+00:00,
75,1,66,,3,2026-07-13,15:00:00,17:00:00,50,0,False,2026-07-11 19:55:35.691534+00:00,2026-07-11 19:55:35.691534+00:00,
76,1,71,,3,2026-07-13,18:00:00,19:00:00,50,0,False,2026-07-11 19:55:35.691534+00:00,2026-07-11 19:55:35.691534+00:00,
77,1,21,,1,2026-07-13,18:00:00,19:00:00,16,0,False,2026-07-11 19:55:35.691534+00:00,2026-07-11 19:55:35.691534+00:00,
78,1,71,,3,2026-07-13,18:00:00,19:00:00,50,0,False,2026-07-11 19:55:35.691534+00:00,2026-07-11 19:55:35.691534+00:00,
79,1,21,,1,2026-07-13,18:00:00,19:00:00,16,0,False,2026-07-11 19:55:35.691534+00:00,2026-07-11 19:55:35.691534+00:00,
80,1,76,,3,2026-07-13,19:00:00,20:00:00,50,0,False,2026-07-11 19:55:35.691534+00:00,2026-07-11 19:55:35.691534+00:00,
81,1,199,,5,2026-07-13,19:00:00,20:00:00,12,0,False,2026-07-11 19:55:35.691534+00:00,2026-07-11 19:55:35.691534+00:00,
82,1,26,,1,2026-07-13,19:00:00,20:00:00,16,0,False,2026-07-11 19:55:35.691534+00:00,2026-07-11 19:55:35.691534+00:00,
83,1,26,,1,2026-07-13,19:00:00,20:00:00,16,0,False,2026-07-11 19:55:35.691534+00:00,2026-07-11 19:55:35.691534+00:00,
84,1,76,,3,2026-07-13,19:00:00,20:00:00,50,0,False,2026-07-11 19:55:35.691534+00:00,2026-07-11 19:55:35.691534+00:00,
85,1,202,,5,2026-07-13,20:00:00,21:00:00,12,0,False,2026-07-11 19:55:35.691534+00:00,2026-07-11 19:55:35.691534+00:00,
86,1,159,,3,2026-07-13,20:00:00,21:00:00,50,0,False,2026-07-11 19:55:35.691534+00:00,2026-07-11 19:55:35.691534+00:00,
87,1,31,,1,2026-07-13,20:00:00,21:00:00,16,0,False,2026-07-11 19:55:35.691534+00:00,2026-07-11 19:55:35.691534+00:00,
88,1,31,,1,2026-07-13,20:00:00,21:00:00,16,0,False,2026-07-11 19:55:35.691534+00:00,2026-07-11 19:55:35.691534+00:00,
89,1,36,,1,2026-07-13,21:00:00,22:00:00,16,0,False,2026-07-11 19:55:35.691534+00:00,2026-07-11 19:55:35.691534+00:00,
90,1,36,,1,2026-07-13,21:00:00,22:00:00,16,0,False,2026-07-11 19:55:35.691534+00:00,2026-07-11 19:55:35.691534+00:00,
91,1,164,,3,2026-07-13,21:00:00,22:00:00,50,0,False,2026-07-11 19:55:35.691534+00:00,2026-07-11 19:55:35.691534+00:00,
92,1,2,,1,2026-07-14,07:00:00,08:00:00,16,0,False,2026-07-11 20:46:00.018161+00:00,2026-07-11 20:46:00.018161+00:00,
93,1,7,,1,2026-07-14,08:00:00,09:00:00,16,0,False,2026-07-11 20:46:00.018161+00:00,2026-07-11 20:46:00.018161+00:00,
94,1,12,,1,2026-07-14,09:00:00,10:00:00,16,0,False,2026-07-11 20:46:00.018161+00:00,2026-07-11 20:46:00.018161+00:00,
95,1,17,,1,2026-07-14,14:00:00,15:00:00,16,0,False,2026-07-11 20:46:00.018161+00:00,2026-07-11 20:46:00.018161+00:00,
96,1,22,,1,2026-07-14,18:00:00,19:00:00,16,0,False,2026-07-11 20:46:00.018161+00:00,2026-07-11 20:46:00.018161+00:00,
97,1,27,,1,2026-07-14,19:00:00,20:00:00,16,1,False,2026-07-11 20:46:00.018161+00:00,2026-07-12 00:30:59.600868+00:00,
98,1,32,,1,2026-07-14,20:00:00,21:00:00,16,0,False,2026-07-11 20:46:00.018161+00:00,2026-07-11 20:46:00.018161+00:00,
99,1,37,,1,2026-07-14,21:00:00,22:00:00,16,0,False,2026-07-11 20:46:00.018161+00:00,2026-07-11 20:46:00.018161+00:00,
100,1,42,,3,2026-07-14,07:00:00,08:00:00,50,0,False,2026-07-11 20:46:00.018161+00:00,2026-07-11 20:46:00.018161+00:00,
101,1,47,,3,2026-07-14,08:00:00,09:00:00,50,0,False,2026-07-11 20:46:00.018161+00:00,2026-07-11 20:46:00.018161+00:00,
102,1,52,,3,2026-07-14,09:00:00,10:00:00,50,0,False,2026-07-11 20:46:00.018161+00:00,2026-07-11 20:46:00.018161+00:00,
103,1,57,,3,2026-07-14,10:00:00,14:00:00,50,0,False,2026-07-11 20:46:00.018161+00:00,2026-07-11 20:46:00.018161+00:00,
104,1,62,,3,2026-07-14,14:00:00,15:00:00,50,0,False,2026-07-11 20:46:00.018161+00:00,2026-07-11 20:46:00.018161+00:00,
105,1,67,,3,2026-07-14,15:00:00,17:00:00,50,0,False,2026-07-11 20:46:00.018161+00:00,2026-07-11 20:46:00.018161+00:00,
106,1,72,,3,2026-07-14,18:00:00,19:00:00,50,0,False,2026-07-11 20:46:00.018161+00:00,2026-07-11 20:46:00.018161+00:00,
107,1,77,,3,2026-07-14,19:00:00,20:00:00,50,0,False,2026-07-11 20:46:00.018161+00:00,2026-07-11 20:46:00.018161+00:00,
108,1,2,,1,2026-07-14,07:00:00,08:00:00,16,0,False,2026-07-11 20:46:00.018161+00:00,2026-07-11 20:46:00.018161+00:00,
109,1,7,,1,2026-07-14,08:00:00,09:00:00,16,0,False,2026-07-11 20:46:00.018161+00:00,2026-07-11 20:46:00.018161+00:00,
110,1,12,,1,2026-07-14,09:00:00,10:00:00,16,0,False,2026-07-11 20:46:00.018161+00:00,2026-07-11 20:46:00.018161+00:00,
111,1,17,,1,2026-07-14,14:00:00,15:00:00,16,0,False,2026-07-11 20:46:00.018161+00:00,2026-07-11 20:46:00.018161+00:00,
112,1,22,,1,2026-07-14,18:00:00,19:00:00,16,0,False,2026-07-11 20:46:00.018161+00:00,2026-07-11 20:46:00.018161+00:00,
113,1,27,,1,2026-07-14,19:00:00,20:00:00,16,0,False,2026-07-11 20:46:00.018161+00:00,2026-07-11 20:46:00.018161+00:00,
114,1,32,,1,2026-07-14,20:00:00,21:00:00,16,0,False,2026-07-11 20:46:00.018161+00:00,2026-07-11 20:46:00.018161+00:00,
115,1,37,,1,2026-07-14,21:00:00,22:00:00,16,0,False,2026-07-11 20:46:00.018161+00:00,2026-07-11 20:46:00.018161+00:00,
116,1,42,,3,2026-07-14,07:00:00,08:00:00,50,0,False,2026-07-11 20:46:00.018161+00:00,2026-07-11 20:46:00.018161+00:00,
117,1,47,,3,2026-07-14,08:00:00,09:00:00,50,0,False,2026-07-11 20:46:00.018161+00:00,2026-07-11 20:46:00.018161+00:00,
118,1,52,,3,2026-07-14,09:00:00,10:00:00,50,0,False,2026-07-11 20:46:00.018161+00:00,2026-07-11 20:46:00.018161+00:00,
119,1,57,,3,2026-07-14,10:00:00,14:00:00,50,0,False,2026-07-11 20:46:00.018161+00:00,2026-07-11 20:46:00.018161+00:00,
120,1,62,,3,2026-07-14,14:00:00,15:00:00,50,0,False,2026-07-11 20:46:00.018161+00:00,2026-07-11 20:46:00.018161+00:00,
121,1,67,,3,2026-07-14,15:00:00,17:00:00,50,0,False,2026-07-11 20:46:00.018161+00:00,2026-07-11 20:46:00.018161+00:00,
122,1,72,,3,2026-07-14,18:00:00,19:00:00,50,0,False,2026-07-11 20:46:00.018161+00:00,2026-07-11 20:46:00.018161+00:00,
123,1,77,,3,2026-07-14,19:00:00,20:00:00,50,0,False,2026-07-11 20:46:00.018161+00:00,2026-07-11 20:46:00.018161+00:00,
124,1,160,,3,2026-07-14,20:00:00,21:00:00,50,0,False,2026-07-11 20:46:00.018161+00:00,2026-07-11 20:46:00.018161+00:00,
125,1,165,,3,2026-07-14,21:00:00,22:00:00,50,0,False,2026-07-11 20:46:00.018161+00:00,2026-07-11 20:46:00.018161+00:00,
126,1,170,,4,2026-07-14,07:00:00,08:00:00,50,0,False,2026-07-11 20:46:00.018161+00:00,2026-07-11 20:46:00.018161+00:00,
127,1,175,,4,2026-07-14,08:00:00,09:00:00,50,0,False,2026-07-11 20:46:00.018161+00:00,2026-07-11 20:46:00.018161+00:00,
128,1,180,,4,2026-07-14,09:00:00,10:00:00,50,0,False,2026-07-11 20:46:00.018161+00:00,2026-07-11 20:46:00.018161+00:00,
129,1,185,,4,2026-07-14,10:00:00,14:00:00,50,0,False,2026-07-11 20:46:00.018161+00:00,2026-07-11 20:46:00.018161+00:00,
130,1,190,,4,2026-07-14,14:00:00,15:00:00,50,0,False,2026-07-11 20:46:00.018161+00:00,2026-07-11 20:46:00.018161+00:00,
131,1,195,,4,2026-07-14,15:00:00,17:00:00,50,0,False,2026-07-11 20:46:00.018161+00:00,2026-07-11 20:46:00.018161+00:00,
132,1,3,,1,2026-07-15,07:00:00,08:00:00,16,0,False,2026-07-11 20:46:05.041717+00:00,2026-07-11 20:46:05.041717+00:00,
133,1,8,,1,2026-07-15,08:00:00,09:00:00,16,0,False,2026-07-11 20:46:05.041717+00:00,2026-07-11 20:46:05.041717+00:00,
134,1,13,,1,2026-07-15,09:00:00,10:00:00,16,0,False,2026-07-11 20:46:05.041717+00:00,2026-07-11 20:46:05.041717+00:00,
135,1,18,,1,2026-07-15,14:00:00,15:00:00,16,0,False,2026-07-11 20:46:05.041717+00:00,2026-07-11 20:46:05.041717+00:00,
136,1,23,,1,2026-07-15,18:00:00,19:00:00,16,0,False,2026-07-11 20:46:05.041717+00:00,2026-07-11 20:46:05.041717+00:00,
137,1,28,,1,2026-07-15,19:00:00,20:00:00,16,0,False,2026-07-11 20:46:05.041717+00:00,2026-07-11 20:46:05.041717+00:00,
138,1,33,,1,2026-07-15,20:00:00,21:00:00,16,0,False,2026-07-11 20:46:05.041717+00:00,2026-07-11 20:46:05.041717+00:00,
139,1,38,,1,2026-07-15,21:00:00,22:00:00,16,0,False,2026-07-11 20:46:05.041717+00:00,2026-07-11 20:46:05.041717+00:00,
140,1,43,,3,2026-07-15,07:00:00,08:00:00,50,0,False,2026-07-11 20:46:05.041717+00:00,2026-07-11 20:46:05.041717+00:00,
141,1,48,,3,2026-07-15,08:00:00,09:00:00,50,0,False,2026-07-11 20:46:05.041717+00:00,2026-07-11 20:46:05.041717+00:00,
142,1,53,,3,2026-07-15,09:00:00,10:00:00,50,0,False,2026-07-11 20:46:05.041717+00:00,2026-07-11 20:46:05.041717+00:00,
143,1,58,,3,2026-07-15,10:00:00,14:00:00,50,0,False,2026-07-11 20:46:05.041717+00:00,2026-07-11 20:46:05.041717+00:00,
144,1,63,,3,2026-07-15,14:00:00,15:00:00,50,0,False,2026-07-11 20:46:05.041717+00:00,2026-07-11 20:46:05.041717+00:00,
145,1,68,,3,2026-07-15,15:00:00,17:00:00,50,0,False,2026-07-11 20:46:05.041717+00:00,2026-07-11 20:46:05.041717+00:00,
146,1,73,,3,2026-07-15,18:00:00,19:00:00,50,0,False,2026-07-11 20:46:05.041717+00:00,2026-07-11 20:46:05.041717+00:00,
147,1,78,,3,2026-07-15,19:00:00,20:00:00,50,0,False,2026-07-11 20:46:05.041717+00:00,2026-07-11 20:46:05.041717+00:00,
148,1,3,,1,2026-07-15,07:00:00,08:00:00,16,0,False,2026-07-11 20:46:05.041717+00:00,2026-07-11 20:46:05.041717+00:00,
149,1,8,,1,2026-07-15,08:00:00,09:00:00,16,0,False,2026-07-11 20:46:05.041717+00:00,2026-07-11 20:46:05.041717+00:00,
150,1,13,,1,2026-07-15,09:00:00,10:00:00,16,0,False,2026-07-11 20:46:05.041717+00:00,2026-07-11 20:46:05.041717+00:00,
151,1,18,,1,2026-07-15,14:00:00,15:00:00,16,0,False,2026-07-11 20:46:05.041717+00:00,2026-07-11 20:46:05.041717+00:00,
152,1,23,,1,2026-07-15,18:00:00,19:00:00,16,0,False,2026-07-11 20:46:05.041717+00:00,2026-07-11 20:46:05.041717+00:00,
153,1,28,,1,2026-07-15,19:00:00,20:00:00,16,1,False,2026-07-11 20:46:05.041717+00:00,2026-07-12 00:32:14.990075+00:00,
154,1,33,,1,2026-07-15,20:00:00,21:00:00,16,0,False,2026-07-11 20:46:05.041717+00:00,2026-07-11 20:46:05.041717+00:00,
155,1,38,,1,2026-07-15,21:00:00,22:00:00,16,0,False,2026-07-11 20:46:05.041717+00:00,2026-07-11 20:46:05.041717+00:00,
156,1,43,,3,2026-07-15,07:00:00,08:00:00,50,0,False,2026-07-11 20:46:05.041717+00:00,2026-07-11 20:46:05.041717+00:00,
157,1,48,,3,2026-07-15,08:00:00,09:00:00,50,0,False,2026-07-11 20:46:05.041717+00:00,2026-07-11 20:46:05.041717+00:00,
158,1,53,,3,2026-07-15,09:00:00,10:00:00,50,0,False,2026-07-11 20:46:05.041717+00:00,2026-07-11 20:46:05.041717+00:00,
159,1,58,,3,2026-07-15,10:00:00,14:00:00,50,0,False,2026-07-11 20:46:05.041717+00:00,2026-07-11 20:46:05.041717+00:00,
160,1,63,,3,2026-07-15,14:00:00,15:00:00,50,0,False,2026-07-11 20:46:05.041717+00:00,2026-07-11 20:46:05.041717+00:00,
161,1,68,,3,2026-07-15,15:00:00,17:00:00,50,0,False,2026-07-11 20:46:05.041717+00:00,2026-07-11 20:46:05.041717+00:00,
162,1,73,,3,2026-07-15,18:00:00,19:00:00,50,0,False,2026-07-11 20:46:05.041717+00:00,2026-07-11 20:46:05.041717+00:00,
163,1,78,,3,2026-07-15,19:00:00,20:00:00,50,0,False,2026-07-11 20:46:05.041717+00:00,2026-07-11 20:46:05.041717+00:00,
164,1,161,,3,2026-07-15,20:00:00,21:00:00,50,0,False,2026-07-11 20:46:05.041717+00:00,2026-07-11 20:46:05.041717+00:00,
165,1,166,,3,2026-07-15,21:00:00,22:00:00,50,0,False,2026-07-11 20:46:05.041717+00:00,2026-07-11 20:46:05.041717+00:00,
166,1,171,,4,2026-07-15,07:00:00,08:00:00,50,0,False,2026-07-11 20:46:05.041717+00:00,2026-07-11 20:46:05.041717+00:00,
167,1,176,,4,2026-07-15,08:00:00,09:00:00,50,0,False,2026-07-11 20:46:05.041717+00:00,2026-07-11 20:46:05.041717+00:00,
168,1,181,,4,2026-07-15,09:00:00,10:00:00,50,0,False,2026-07-11 20:46:05.041717+00:00,2026-07-11 20:46:05.041717+00:00,
169,1,186,,4,2026-07-15,10:00:00,14:00:00,50,0,False,2026-07-11 20:46:05.041717+00:00,2026-07-11 20:46:05.041717+00:00,
170,1,191,,4,2026-07-15,14:00:00,15:00:00,50,0,False,2026-07-11 20:46:05.041717+00:00,2026-07-11 20:46:05.041717+00:00,
171,1,196,,4,2026-07-15,15:00:00,17:00:00,50,0,False,2026-07-11 20:46:05.041717+00:00,2026-07-11 20:46:05.041717+00:00,
172,1,200,,5,2026-07-15,19:00:00,20:00:00,12,0,False,2026-07-11 20:46:05.041717+00:00,2026-07-11 20:46:05.041717+00:00,
173,1,203,,5,2026-07-15,20:00:00,21:00:00,12,0,False,2026-07-11 20:46:05.041717+00:00,2026-07-11 20:46:05.041717+00:00,
174,1,4,,1,2026-07-16,07:00:00,08:00:00,16,0,False,2026-07-11 21:57:57.749908+00:00,2026-07-11 21:57:57.749908+00:00,
175,1,9,,1,2026-07-16,08:00:00,09:00:00,16,0,False,2026-07-11 21:57:57.749908+00:00,2026-07-11 21:57:57.749908+00:00,
176,1,14,,1,2026-07-16,09:00:00,10:00:00,16,0,False,2026-07-11 21:57:57.749908+00:00,2026-07-11 21:57:57.749908+00:00,
177,1,19,,1,2026-07-16,14:00:00,15:00:00,16,0,False,2026-07-11 21:57:57.749908+00:00,2026-07-11 21:57:57.749908+00:00,
178,1,24,,1,2026-07-16,18:00:00,19:00:00,16,0,False,2026-07-11 21:57:57.749908+00:00,2026-07-11 21:57:57.749908+00:00,
179,1,29,,1,2026-07-16,19:00:00,20:00:00,16,0,False,2026-07-11 21:57:57.749908+00:00,2026-07-11 21:57:57.749908+00:00,
180,1,34,,1,2026-07-16,20:00:00,21:00:00,16,0,False,2026-07-11 21:57:57.749908+00:00,2026-07-11 21:57:57.749908+00:00,
181,1,39,,1,2026-07-16,21:00:00,22:00:00,16,0,False,2026-07-11 21:57:57.749908+00:00,2026-07-11 21:57:57.749908+00:00,
182,1,44,,3,2026-07-16,07:00:00,08:00:00,50,0,False,2026-07-11 21:57:57.749908+00:00,2026-07-11 21:57:57.749908+00:00,
183,1,49,,3,2026-07-16,08:00:00,09:00:00,50,0,False,2026-07-11 21:57:57.749908+00:00,2026-07-11 21:57:57.749908+00:00,
184,1,54,,3,2026-07-16,09:00:00,10:00:00,50,0,False,2026-07-11 21:57:57.749908+00:00,2026-07-11 21:57:57.749908+00:00,
185,1,59,,3,2026-07-16,10:00:00,14:00:00,50,0,False,2026-07-11 21:57:57.749908+00:00,2026-07-11 21:57:57.749908+00:00,
186,1,64,,3,2026-07-16,14:00:00,15:00:00,50,0,False,2026-07-11 21:57:57.749908+00:00,2026-07-11 21:57:57.749908+00:00,
187,1,69,,3,2026-07-16,15:00:00,17:00:00,50,0,False,2026-07-11 21:57:57.749908+00:00,2026-07-11 21:57:57.749908+00:00,
188,1,74,,3,2026-07-16,18:00:00,19:00:00,50,0,False,2026-07-11 21:57:57.749908+00:00,2026-07-11 21:57:57.749908+00:00,
189,1,4,,1,2026-07-16,07:00:00,08:00:00,16,0,False,2026-07-11 21:57:57.749908+00:00,2026-07-11 21:57:57.749908+00:00,
190,1,9,,1,2026-07-16,08:00:00,09:00:00,16,0,False,2026-07-11 21:57:57.749908+00:00,2026-07-11 21:57:57.749908+00:00,
191,1,14,,1,2026-07-16,09:00:00,10:00:00,16,0,False,2026-07-11 21:57:57.749908+00:00,2026-07-11 21:57:57.749908+00:00,
192,1,19,,1,2026-07-16,14:00:00,15:00:00,16,0,False,2026-07-11 21:57:57.749908+00:00,2026-07-11 21:57:57.749908+00:00,
193,1,24,,1,2026-07-16,18:00:00,19:00:00,16,0,False,2026-07-11 21:57:57.749908+00:00,2026-07-11 21:57:57.749908+00:00,
194,1,29,,1,2026-07-16,19:00:00,20:00:00,16,0,False,2026-07-11 21:57:57.749908+00:00,2026-07-11 21:57:57.749908+00:00,
195,1,34,,1,2026-07-16,20:00:00,21:00:00,16,0,False,2026-07-11 21:57:57.749908+00:00,2026-07-11 21:57:57.749908+00:00,
196,1,39,,1,2026-07-16,21:00:00,22:00:00,16,0,False,2026-07-11 21:57:57.749908+00:00,2026-07-11 21:57:57.749908+00:00,
197,1,44,,3,2026-07-16,07:00:00,08:00:00,50,0,False,2026-07-11 21:57:57.749908+00:00,2026-07-11 21:57:57.749908+00:00,
198,1,49,,3,2026-07-16,08:00:00,09:00:00,50,0,False,2026-07-11 21:57:57.749908+00:00,2026-07-11 21:57:57.749908+00:00,
199,1,54,,3,2026-07-16,09:00:00,10:00:00,50,0,False,2026-07-11 21:57:57.749908+00:00,2026-07-11 21:57:57.749908+00:00,
200,1,59,,3,2026-07-16,10:00:00,14:00:00,50,0,False,2026-07-11 21:57:57.749908+00:00,2026-07-11 21:57:57.749908+00:00,
201,1,64,,3,2026-07-16,14:00:00,15:00:00,50,0,False,2026-07-11 21:57:57.749908+00:00,2026-07-11 21:57:57.749908+00:00,
202,1,69,,3,2026-07-16,15:00:00,17:00:00,50,0,False,2026-07-11 21:57:57.749908+00:00,2026-07-11 21:57:57.749908+00:00,
203,1,74,,3,2026-07-16,18:00:00,19:00:00,50,0,False,2026-07-11 21:57:57.749908+00:00,2026-07-11 21:57:57.749908+00:00,
204,1,157,,3,2026-07-16,19:00:00,20:00:00,50,0,False,2026-07-11 21:57:57.749908+00:00,2026-07-11 21:57:57.749908+00:00,
205,1,162,,3,2026-07-16,20:00:00,21:00:00,50,0,False,2026-07-11 21:57:57.749908+00:00,2026-07-11 21:57:57.749908+00:00,
206,1,167,,3,2026-07-16,21:00:00,22:00:00,50,0,False,2026-07-11 21:57:57.749908+00:00,2026-07-11 21:57:57.749908+00:00,
207,1,172,,4,2026-07-16,07:00:00,08:00:00,50,0,False,2026-07-11 21:57:57.749908+00:00,2026-07-11 21:57:57.749908+00:00,
208,1,177,,4,2026-07-16,08:00:00,09:00:00,50,0,False,2026-07-11 21:57:57.749908+00:00,2026-07-11 21:57:57.749908+00:00,
209,1,182,,4,2026-07-16,09:00:00,10:00:00,50,0,False,2026-07-11 21:57:57.749908+00:00,2026-07-11 21:57:57.749908+00:00,
210,1,187,,4,2026-07-16,10:00:00,14:00:00,50,0,False,2026-07-11 21:57:57.749908+00:00,2026-07-11 21:57:57.749908+00:00,
211,1,192,,4,2026-07-16,14:00:00,15:00:00,50,0,False,2026-07-11 21:57:57.749908+00:00,2026-07-11 21:57:57.749908+00:00,
212,1,197,,4,2026-07-16,15:00:00,17:00:00,50,0,False,2026-07-11 21:57:57.749908+00:00,2026-07-11 21:57:57.749908+00:00,
213,1,5,,1,2026-07-17,07:00:00,08:00:00,16,0,False,2026-07-11 21:58:00.560656+00:00,2026-07-11 21:58:00.560656+00:00,
214,1,10,,1,2026-07-17,08:00:00,09:00:00,16,0,False,2026-07-11 21:58:00.560656+00:00,2026-07-11 21:58:00.560656+00:00,
215,1,15,,1,2026-07-17,09:00:00,10:00:00,16,0,False,2026-07-11 21:58:00.560656+00:00,2026-07-11 21:58:00.560656+00:00,
216,1,20,,1,2026-07-17,14:00:00,15:00:00,16,0,False,2026-07-11 21:58:00.560656+00:00,2026-07-11 21:58:00.560656+00:00,
217,1,25,,1,2026-07-17,18:00:00,19:00:00,16,0,False,2026-07-11 21:58:00.560656+00:00,2026-07-11 21:58:00.560656+00:00,
218,1,30,,1,2026-07-17,19:00:00,20:00:00,16,0,False,2026-07-11 21:58:00.560656+00:00,2026-07-11 21:58:00.560656+00:00,
219,1,35,,1,2026-07-17,20:00:00,21:00:00,16,0,False,2026-07-11 21:58:00.560656+00:00,2026-07-11 21:58:00.560656+00:00,
220,1,40,,1,2026-07-17,21:00:00,22:00:00,16,0,False,2026-07-11 21:58:00.560656+00:00,2026-07-11 21:58:00.560656+00:00,
221,1,45,,3,2026-07-17,07:00:00,08:00:00,50,0,False,2026-07-11 21:58:00.560656+00:00,2026-07-11 21:58:00.560656+00:00,
222,1,50,,3,2026-07-17,08:00:00,09:00:00,50,0,False,2026-07-11 21:58:00.560656+00:00,2026-07-11 21:58:00.560656+00:00,
223,1,55,,3,2026-07-17,09:00:00,10:00:00,50,0,False,2026-07-11 21:58:00.560656+00:00,2026-07-11 21:58:00.560656+00:00,
224,1,60,,3,2026-07-17,10:00:00,14:00:00,50,0,False,2026-07-11 21:58:00.560656+00:00,2026-07-11 21:58:00.560656+00:00,
225,1,65,,3,2026-07-17,14:00:00,15:00:00,50,0,False,2026-07-11 21:58:00.560656+00:00,2026-07-11 21:58:00.560656+00:00,
226,1,70,,3,2026-07-17,15:00:00,17:00:00,50,0,False,2026-07-11 21:58:00.560656+00:00,2026-07-11 21:58:00.560656+00:00,
227,1,75,,3,2026-07-17,18:00:00,19:00:00,50,0,False,2026-07-11 21:58:00.560656+00:00,2026-07-11 21:58:00.560656+00:00,
228,1,5,,1,2026-07-17,07:00:00,08:00:00,16,0,False,2026-07-11 21:58:00.560656+00:00,2026-07-11 21:58:00.560656+00:00,
229,1,10,,1,2026-07-17,08:00:00,09:00:00,16,0,False,2026-07-11 21:58:00.560656+00:00,2026-07-11 21:58:00.560656+00:00,
230,1,15,,1,2026-07-17,09:00:00,10:00:00,16,0,False,2026-07-11 21:58:00.560656+00:00,2026-07-11 21:58:00.560656+00:00,
231,1,20,,1,2026-07-17,14:00:00,15:00:00,16,0,False,2026-07-11 21:58:00.560656+00:00,2026-07-11 21:58:00.560656+00:00,
232,1,25,,1,2026-07-17,18:00:00,19:00:00,16,0,False,2026-07-11 21:58:00.560656+00:00,2026-07-11 21:58:00.560656+00:00,
233,1,30,,1,2026-07-17,19:00:00,20:00:00,16,0,False,2026-07-11 21:58:00.560656+00:00,2026-07-11 21:58:00.560656+00:00,
234,1,35,,1,2026-07-17,20:00:00,21:00:00,16,0,False,2026-07-11 21:58:00.560656+00:00,2026-07-11 21:58:00.560656+00:00,
235,1,40,,1,2026-07-17,21:00:00,22:00:00,16,0,False,2026-07-11 21:58:00.560656+00:00,2026-07-11 21:58:00.560656+00:00,
236,1,45,,3,2026-07-17,07:00:00,08:00:00,50,1,False,2026-07-11 21:58:00.560656+00:00,2026-07-12 02:46:42.816643+00:00,
237,1,50,,3,2026-07-17,08:00:00,09:00:00,50,0,False,2026-07-11 21:58:00.560656+00:00,2026-07-11 21:58:00.560656+00:00,
238,1,55,,3,2026-07-17,09:00:00,10:00:00,50,0,False,2026-07-11 21:58:00.560656+00:00,2026-07-11 21:58:00.560656+00:00,
239,1,60,,3,2026-07-17,10:00:00,14:00:00,50,0,False,2026-07-11 21:58:00.560656+00:00,2026-07-11 21:58:00.560656+00:00,
240,1,65,,3,2026-07-17,14:00:00,15:00:00,50,0,False,2026-07-11 21:58:00.560656+00:00,2026-07-11 21:58:00.560656+00:00,
241,1,70,,3,2026-07-17,15:00:00,17:00:00,50,0,False,2026-07-11 21:58:00.560656+00:00,2026-07-11 21:58:00.560656+00:00,
242,1,75,,3,2026-07-17,18:00:00,19:00:00,50,0,False,2026-07-11 21:58:00.560656+00:00,2026-07-11 21:58:00.560656+00:00,
243,1,158,,3,2026-07-17,19:00:00,20:00:00,50,0,False,2026-07-11 21:58:00.560656+00:00,2026-07-11 21:58:00.560656+00:00,
244,1,163,,3,2026-07-17,20:00:00,21:00:00,50,0,False,2026-07-11 21:58:00.560656+00:00,2026-07-11 21:58:00.560656+00:00,
245,1,168,,3,2026-07-17,21:00:00,22:00:00,50,0,False,2026-07-11 21:58:00.560656+00:00,2026-07-11 21:58:00.560656+00:00,
246,1,173,,4,2026-07-17,07:00:00,08:00:00,50,0,False,2026-07-11 21:58:00.560656+00:00,2026-07-11 21:58:00.560656+00:00,
247,1,178,,4,2026-07-17,08:00:00,09:00:00,50,0,False,2026-07-11 21:58:00.560656+00:00,2026-07-11 21:58:00.560656+00:00,
248,1,183,,4,2026-07-17,09:00:00,10:00:00,50,0,False,2026-07-11 21:58:00.560656+00:00,2026-07-11 21:58:00.560656+00:00,
249,1,188,,4,2026-07-17,10:00:00,14:00:00,50,0,False,2026-07-11 21:58:00.560656+00:00,2026-07-11 21:58:00.560656+00:00,
250,1,193,,4,2026-07-17,14:00:00,15:00:00,50,0,False,2026-07-11 21:58:00.560656+00:00,2026-07-11 21:58:00.560656+00:00,
251,1,198,,4,2026-07-17,15:00:00,17:00:00,50,0,False,2026-07-11 21:58:00.560656+00:00,2026-07-11 21:58:00.560656+00:00,
252,1,201,,5,2026-07-17,19:00:00,20:00:00,12,0,False,2026-07-11 21:58:00.560656+00:00,2026-07-11 21:58:00.560656+00:00,
253,1,204,,5,2026-07-17,20:00:00,21:00:00,12,0,False,2026-07-11 21:58:00.560656+00:00,2026-07-11 21:58:00.560656+00:00,
254,1,205,,6,2026-07-18,10:00:00,12:00:00,16,0,False,2026-07-12 04:02:06.883934+00:00,2026-07-12 18:53:37.401870+00:00,
255,1,1,,1,2026-07-20,07:00:00,08:00:00,16,0,False,2026-07-14 10:57:05.489646+00:00,2026-07-14 10:57:05.489646+00:00,
256,1,6,,1,2026-07-20,08:00:00,09:00:00,16,0,False,2026-07-14 10:57:05.489646+00:00,2026-07-14 10:57:05.489646+00:00,
257,1,11,,1,2026-07-20,09:00:00,10:00:00,16,0,False,2026-07-14 10:57:05.489646+00:00,2026-07-14 10:57:05.489646+00:00,
258,1,16,,1,2026-07-20,14:00:00,15:00:00,16,0,False,2026-07-14 10:57:05.489646+00:00,2026-07-14 10:57:05.489646+00:00,
259,1,21,,1,2026-07-20,18:00:00,19:00:00,16,0,False,2026-07-14 10:57:05.489646+00:00,2026-07-14 10:57:05.489646+00:00,
260,1,26,,1,2026-07-20,19:00:00,20:00:00,16,0,False,2026-07-14 10:57:05.489646+00:00,2026-07-14 10:57:05.489646+00:00,
261,1,31,,1,2026-07-20,20:00:00,21:00:00,16,0,False,2026-07-14 10:57:05.489646+00:00,2026-07-14 10:57:05.489646+00:00,
262,1,36,,1,2026-07-20,21:00:00,22:00:00,16,0,False,2026-07-14 10:57:05.489646+00:00,2026-07-14 10:57:05.489646+00:00,
263,1,41,,3,2026-07-20,07:00:00,08:00:00,50,0,False,2026-07-14 10:57:05.489646+00:00,2026-07-14 10:57:05.489646+00:00,
264,1,46,,3,2026-07-20,08:00:00,09:00:00,50,0,False,2026-07-14 10:57:05.489646+00:00,2026-07-14 10:57:05.489646+00:00,
265,1,51,,3,2026-07-20,09:00:00,10:00:00,50,0,False,2026-07-14 10:57:05.489646+00:00,2026-07-14 10:57:05.489646+00:00,
266,1,56,,3,2026-07-20,10:00:00,14:00:00,50,0,False,2026-07-14 10:57:05.489646+00:00,2026-07-14 10:57:05.489646+00:00,
267,1,61,,3,2026-07-20,14:00:00,15:00:00,50,0,False,2026-07-14 10:57:05.489646+00:00,2026-07-14 10:57:05.489646+00:00,
268,1,66,,3,2026-07-20,15:00:00,17:00:00,50,0,False,2026-07-14 10:57:05.489646+00:00,2026-07-14 10:57:05.489646+00:00,
269,1,71,,3,2026-07-20,18:00:00,19:00:00,50,0,False,2026-07-14 10:57:05.489646+00:00,2026-07-14 10:57:05.489646+00:00,
270,1,76,,3,2026-07-20,19:00:00,20:00:00,50,0,False,2026-07-14 10:57:05.489646+00:00,2026-07-14 10:57:05.489646+00:00,
271,1,1,,1,2026-07-20,07:00:00,08:00:00,16,0,False,2026-07-14 10:57:05.489646+00:00,2026-07-14 10:57:05.489646+00:00,
272,1,6,,1,2026-07-20,08:00:00,09:00:00,16,0,False,2026-07-14 10:57:05.489646+00:00,2026-07-14 10:57:05.489646+00:00,
273,1,11,,1,2026-07-20,09:00:00,10:00:00,16,0,False,2026-07-14 10:57:05.489646+00:00,2026-07-14 10:57:05.489646+00:00,
274,1,16,,1,2026-07-20,14:00:00,15:00:00,16,0,False,2026-07-14 10:57:05.489646+00:00,2026-07-14 10:57:05.489646+00:00,
275,1,21,,1,2026-07-20,18:00:00,19:00:00,16,0,False,2026-07-14 10:57:05.489646+00:00,2026-07-14 10:57:05.489646+00:00,
276,1,26,,1,2026-07-20,19:00:00,20:00:00,16,0,False,2026-07-14 10:57:05.489646+00:00,2026-07-14 10:57:05.489646+00:00,
277,1,31,,1,2026-07-20,20:00:00,21:00:00,16,0,False,2026-07-14 10:57:05.489646+00:00,2026-07-14 10:57:05.489646+00:00,
278,1,36,,1,2026-07-20,21:00:00,22:00:00,16,0,False,2026-07-14 10:57:05.489646+00:00,2026-07-14 10:57:05.489646+00:00,
279,1,41,,3,2026-07-20,07:00:00,08:00:00,50,0,False,2026-07-14 10:57:05.489646+00:00,2026-07-14 10:57:05.489646+00:00,
280,1,46,,3,2026-07-20,08:00:00,09:00:00,50,0,False,2026-07-14 10:57:05.489646+00:00,2026-07-14 10:57:05.489646+00:00,
281,1,51,,3,2026-07-20,09:00:00,10:00:00,50,0,False,2026-07-14 10:57:05.489646+00:00,2026-07-14 10:57:05.489646+00:00,
282,1,56,,3,2026-07-20,10:00:00,14:00:00,50,0,False,2026-07-14 10:57:05.489646+00:00,2026-07-14 10:57:05.489646+00:00,
283,1,61,,3,2026-07-20,14:00:00,15:00:00,50,0,False,2026-07-14 10:57:05.489646+00:00,2026-07-14 10:57:05.489646+00:00,
284,1,66,,3,2026-07-20,15:00:00,17:00:00,50,0,False,2026-07-14 10:57:05.489646+00:00,2026-07-14 10:57:05.489646+00:00,
285,1,71,,3,2026-07-20,18:00:00,19:00:00,50,0,False,2026-07-14 10:57:05.489646+00:00,2026-07-14 10:57:05.489646+00:00,
286,1,76,,3,2026-07-20,19:00:00,20:00:00,50,0,False,2026-07-14 10:57:05.489646+00:00,2026-07-14 10:57:05.489646+00:00,
287,1,159,,3,2026-07-20,20:00:00,21:00:00,50,0,False,2026-07-14 10:57:05.489646+00:00,2026-07-14 10:57:05.489646+00:00,
288,1,164,,3,2026-07-20,21:00:00,22:00:00,50,0,False,2026-07-14 10:57:05.489646+00:00,2026-07-14 10:57:05.489646+00:00,
289,1,169,,4,2026-07-20,07:00:00,08:00:00,50,0,False,2026-07-14 10:57:05.489646+00:00,2026-07-14 10:57:05.489646+00:00,
290,1,174,,4,2026-07-20,08:00:00,09:00:00,50,0,False,2026-07-14 10:57:05.489646+00:00,2026-07-14 10:57:05.489646+00:00,
291,1,179,,4,2026-07-20,09:00:00,10:00:00,50,0,False,2026-07-14 10:57:05.489646+00:00,2026-07-14 10:57:05.489646+00:00,
292,1,184,,4,2026-07-20,10:00:00,14:00:00,50,0,False,2026-07-14 10:57:05.489646+00:00,2026-07-14 10:57:05.489646+00:00,
293,1,189,,4,2026-07-20,14:00:00,15:00:00,50,0,False,2026-07-14 10:57:05.489646+00:00,2026-07-14 10:57:05.489646+00:00,
294,1,194,,4,2026-07-20,15:00:00,17:00:00,50,0,False,2026-07-14 10:57:05.489646+00:00,2026-07-14 10:57:05.489646+00:00,
295,1,199,,5,2026-07-20,19:00:00,20:00:00,12,0,False,2026-07-14 10:57:05.489646+00:00,2026-07-14 10:57:05.489646+00:00,
296,1,202,,5,2026-07-20,20:00:00,21:00:00,12,0,False,2026-07-14 10:57:05.489646+00:00,2026-07-14 10:57:05.489646+00:00,
297,1,2,,1,2026-07-21,07:00:00,08:00:00,16,0,False,2026-07-15 19:16:11.944395+00:00,2026-07-15 19:16:11.944395+00:00,
298,1,7,,1,2026-07-21,08:00:00,09:00:00,16,0,False,2026-07-15 19:16:11.944395+00:00,2026-07-15 19:16:11.944395+00:00,
299,1,12,,1,2026-07-21,09:00:00,10:00:00,16,0,False,2026-07-15 19:16:11.944395+00:00,2026-07-15 19:16:11.944395+00:00,
300,1,17,,1,2026-07-21,14:00:00,15:00:00,16,0,False,2026-07-15 19:16:11.944395+00:00,2026-07-15 19:16:11.944395+00:00,
301,1,22,,1,2026-07-21,18:00:00,19:00:00,16,0,False,2026-07-15 19:16:11.944395+00:00,2026-07-15 19:16:11.944395+00:00,
302,1,27,,1,2026-07-21,19:00:00,20:00:00,16,0,False,2026-07-15 19:16:11.944395+00:00,2026-07-15 19:16:11.944395+00:00,
303,1,32,,1,2026-07-21,20:00:00,21:00:00,16,0,False,2026-07-15 19:16:11.944395+00:00,2026-07-15 19:16:11.944395+00:00,
304,1,37,,1,2026-07-21,21:00:00,22:00:00,16,0,False,2026-07-15 19:16:11.944395+00:00,2026-07-15 19:16:11.944395+00:00,
305,1,42,,3,2026-07-21,07:00:00,08:00:00,50,0,False,2026-07-15 19:16:11.944395+00:00,2026-07-15 19:16:11.944395+00:00,
306,1,47,,3,2026-07-21,08:00:00,09:00:00,50,0,False,2026-07-15 19:16:11.944395+00:00,2026-07-15 19:16:11.944395+00:00,
307,1,52,,3,2026-07-21,09:00:00,10:00:00,50,0,False,2026-07-15 19:16:11.944395+00:00,2026-07-15 19:16:11.944395+00:00,
308,1,57,,3,2026-07-21,10:00:00,14:00:00,50,0,False,2026-07-15 19:16:11.944395+00:00,2026-07-15 19:16:11.944395+00:00,
309,1,62,,3,2026-07-21,14:00:00,15:00:00,50,0,False,2026-07-15 19:16:11.944395+00:00,2026-07-15 19:16:11.944395+00:00,
310,1,67,,3,2026-07-21,15:00:00,17:00:00,50,0,False,2026-07-15 19:16:11.944395+00:00,2026-07-15 19:16:11.944395+00:00,
311,1,72,,3,2026-07-21,18:00:00,19:00:00,50,0,False,2026-07-15 19:16:11.944395+00:00,2026-07-15 19:16:11.944395+00:00,
312,1,77,,3,2026-07-21,19:00:00,20:00:00,50,0,False,2026-07-15 19:16:11.944395+00:00,2026-07-15 19:16:11.944395+00:00,
313,1,2,,1,2026-07-21,07:00:00,08:00:00,16,0,False,2026-07-15 19:16:11.944395+00:00,2026-07-15 19:16:11.944395+00:00,
314,1,7,,1,2026-07-21,08:00:00,09:00:00,16,0,False,2026-07-15 19:16:11.944395+00:00,2026-07-15 19:16:11.944395+00:00,
315,1,12,,1,2026-07-21,09:00:00,10:00:00,16,0,False,2026-07-15 19:16:11.944395+00:00,2026-07-15 19:16:11.944395+00:00,
316,1,17,,1,2026-07-21,14:00:00,15:00:00,16,0,False,2026-07-15 19:16:11.944395+00:00,2026-07-15 19:16:11.944395+00:00,
317,1,22,,1,2026-07-21,18:00:00,19:00:00,16,0,False,2026-07-15 19:16:11.944395+00:00,2026-07-15 19:16:11.944395+00:00,
318,1,27,,1,2026-07-21,19:00:00,20:00:00,16,0,False,2026-07-15 19:16:11.944395+00:00,2026-07-15 19:16:11.944395+00:00,
319,1,32,,1,2026-07-21,20:00:00,21:00:00,16,0,False,2026-07-15 19:16:11.944395+00:00,2026-07-15 19:16:11.944395+00:00,
320,1,37,,1,2026-07-21,21:00:00,22:00:00,16,0,False,2026-07-15 19:16:11.944395+00:00,2026-07-15 19:16:11.944395+00:00,
321,1,42,,3,2026-07-21,07:00:00,08:00:00,50,0,False,2026-07-15 19:16:11.944395+00:00,2026-07-15 19:16:11.944395+00:00,
322,1,47,,3,2026-07-21,08:00:00,09:00:00,50,0,False,2026-07-15 19:16:11.944395+00:00,2026-07-15 19:16:11.944395+00:00,
323,1,52,,3,2026-07-21,09:00:00,10:00:00,50,0,False,2026-07-15 19:16:11.944395+00:00,2026-07-15 19:16:11.944395+00:00,
324,1,57,,3,2026-07-21,10:00:00,14:00:00,50,0,False,2026-07-15 19:16:11.944395+00:00,2026-07-15 19:16:11.944395+00:00,
325,1,62,,3,2026-07-21,14:00:00,15:00:00,50,0,False,2026-07-15 19:16:11.944395+00:00,2026-07-15 19:16:11.944395+00:00,
326,1,67,,3,2026-07-21,15:00:00,17:00:00,50,0,False,2026-07-15 19:16:11.944395+00:00,2026-07-15 19:16:11.944395+00:00,
327,1,72,,3,2026-07-21,18:00:00,19:00:00,50,0,False,2026-07-15 19:16:11.944395+00:00,2026-07-15 19:16:11.944395+00:00,
328,1,77,,3,2026-07-21,19:00:00,20:00:00,50,0,False,2026-07-15 19:16:11.944395+00:00,2026-07-15 19:16:11.944395+00:00,
329,1,160,,3,2026-07-21,20:00:00,21:00:00,50,0,False,2026-07-15 19:16:11.944395+00:00,2026-07-15 19:16:11.944395+00:00,
330,1,165,,3,2026-07-21,21:00:00,22:00:00,50,0,False,2026-07-15 19:16:11.944395+00:00,2026-07-15 19:16:11.944395+00:00,
331,1,170,,4,2026-07-21,07:00:00,08:00:00,50,0,False,2026-07-15 19:16:11.944395+00:00,2026-07-15 19:16:11.944395+00:00,
332,1,175,,4,2026-07-21,08:00:00,09:00:00,50,0,False,2026-07-15 19:16:11.944395+00:00,2026-07-15 19:16:11.944395+00:00,
333,1,180,,4,2026-07-21,09:00:00,10:00:00,50,0,False,2026-07-15 19:16:11.944395+00:00,2026-07-15 19:16:11.944395+00:00,
334,1,185,,4,2026-07-21,10:00:00,14:00:00,50,0,False,2026-07-15 19:16:11.944395+00:00,2026-07-15 19:16:11.944395+00:00,
335,1,190,,4,2026-07-21,14:00:00,15:00:00,50,0,False,2026-07-15 19:16:11.944395+00:00,2026-07-15 19:16:11.944395+00:00,
336,1,195,,4,2026-07-21,15:00:00,17:00:00,50,0,False,2026-07-15 19:16:11.944395+00:00,2026-07-15 19:16:11.944395+00:00,
337,1,3,,1,2026-07-22,07:00:00,08:00:00,16,0,False,2026-07-18 01:04:56.367058+00:00,2026-07-18 01:04:56.367058+00:00,
338,1,8,,1,2026-07-22,08:00:00,09:00:00,16,0,False,2026-07-18 01:04:56.367058+00:00,2026-07-18 01:04:56.367058+00:00,
339,1,13,,1,2026-07-22,09:00:00,10:00:00,16,0,False,2026-07-18 01:04:56.367058+00:00,2026-07-18 01:04:56.367058+00:00,
340,1,18,,1,2026-07-22,14:00:00,15:00:00,16,0,False,2026-07-18 01:04:56.367058+00:00,2026-07-18 01:04:56.367058+00:00,
341,1,23,,1,2026-07-22,18:00:00,19:00:00,16,0,False,2026-07-18 01:04:56.367058+00:00,2026-07-18 01:04:56.367058+00:00,
342,1,28,,1,2026-07-22,19:00:00,20:00:00,16,0,False,2026-07-18 01:04:56.367058+00:00,2026-07-18 01:04:56.367058+00:00,
343,1,33,,1,2026-07-22,20:00:00,21:00:00,16,0,False,2026-07-18 01:04:56.367058+00:00,2026-07-18 01:04:56.367058+00:00,
344,1,38,,1,2026-07-22,21:00:00,22:00:00,16,0,False,2026-07-18 01:04:56.367058+00:00,2026-07-18 01:04:56.367058+00:00,
345,1,43,,3,2026-07-22,07:00:00,08:00:00,50,0,False,2026-07-18 01:04:56.367058+00:00,2026-07-18 01:04:56.367058+00:00,
346,1,48,,3,2026-07-22,08:00:00,09:00:00,50,0,False,2026-07-18 01:04:56.367058+00:00,2026-07-18 01:04:56.367058+00:00,
347,1,53,,3,2026-07-22,09:00:00,10:00:00,50,0,False,2026-07-18 01:04:56.367058+00:00,2026-07-18 01:04:56.367058+00:00,
348,1,58,,3,2026-07-22,10:00:00,14:00:00,50,0,False,2026-07-18 01:04:56.367058+00:00,2026-07-18 01:04:56.367058+00:00,
349,1,63,,3,2026-07-22,14:00:00,15:00:00,50,0,False,2026-07-18 01:04:56.367058+00:00,2026-07-18 01:04:56.367058+00:00,
350,1,68,,3,2026-07-22,15:00:00,17:00:00,50,0,False,2026-07-18 01:04:56.367058+00:00,2026-07-18 01:04:56.367058+00:00,
351,1,73,,3,2026-07-22,18:00:00,19:00:00,50,0,False,2026-07-18 01:04:56.367058+00:00,2026-07-18 01:04:56.367058+00:00,
352,1,78,,3,2026-07-22,19:00:00,20:00:00,50,0,False,2026-07-18 01:04:56.367058+00:00,2026-07-18 01:04:56.367058+00:00,
353,1,3,,1,2026-07-22,07:00:00,08:00:00,16,0,False,2026-07-18 01:04:56.367058+00:00,2026-07-18 01:04:56.367058+00:00,
354,1,8,,1,2026-07-22,08:00:00,09:00:00,16,0,False,2026-07-18 01:04:56.367058+00:00,2026-07-18 01:04:56.367058+00:00,
355,1,13,,1,2026-07-22,09:00:00,10:00:00,16,0,False,2026-07-18 01:04:56.367058+00:00,2026-07-18 01:04:56.367058+00:00,
356,1,18,,1,2026-07-22,14:00:00,15:00:00,16,0,False,2026-07-18 01:04:56.367058+00:00,2026-07-18 01:04:56.367058+00:00,
357,1,23,,1,2026-07-22,18:00:00,19:00:00,16,0,False,2026-07-18 01:04:56.367058+00:00,2026-07-18 01:04:56.367058+00:00,
358,1,28,,1,2026-07-22,19:00:00,20:00:00,16,0,False,2026-07-18 01:04:56.367058+00:00,2026-07-18 01:04:56.367058+00:00,
359,1,33,,1,2026-07-22,20:00:00,21:00:00,16,0,False,2026-07-18 01:04:56.367058+00:00,2026-07-18 01:04:56.367058+00:00,
360,1,38,,1,2026-07-22,21:00:00,22:00:00,16,0,False,2026-07-18 01:04:56.367058+00:00,2026-07-18 01:04:56.367058+00:00,
361,1,43,,3,2026-07-22,07:00:00,08:00:00,50,0,False,2026-07-18 01:04:56.367058+00:00,2026-07-18 01:04:56.367058+00:00,
362,1,48,,3,2026-07-22,08:00:00,09:00:00,50,0,False,2026-07-18 01:04:56.367058+00:00,2026-07-18 01:04:56.367058+00:00,
363,1,53,,3,2026-07-22,09:00:00,10:00:00,50,0,False,2026-07-18 01:04:56.367058+00:00,2026-07-18 01:04:56.367058+00:00,
364,1,58,,3,2026-07-22,10:00:00,14:00:00,50,0,False,2026-07-18 01:04:56.367058+00:00,2026-07-18 01:04:56.367058+00:00,
365,1,63,,3,2026-07-22,14:00:00,15:00:00,50,0,False,2026-07-18 01:04:56.367058+00:00,2026-07-18 01:04:56.367058+00:00,
366,1,68,,3,2026-07-22,15:00:00,17:00:00,50,0,False,2026-07-18 01:04:56.367058+00:00,2026-07-18 01:04:56.367058+00:00,
367,1,73,,3,2026-07-22,18:00:00,19:00:00,50,0,False,2026-07-18 01:04:56.367058+00:00,2026-07-18 01:04:56.367058+00:00,
368,1,78,,3,2026-07-22,19:00:00,20:00:00,50,0,False,2026-07-18 01:04:56.367058+00:00,2026-07-18 01:04:56.367058+00:00,
369,1,161,,3,2026-07-22,20:00:00,21:00:00,50,0,False,2026-07-18 01:04:56.367058+00:00,2026-07-18 01:04:56.367058+00:00,
370,1,166,,3,2026-07-22,21:00:00,22:00:00,50,0,False,2026-07-18 01:04:56.367058+00:00,2026-07-18 01:04:56.367058+00:00,
371,1,171,,4,2026-07-22,07:00:00,08:00:00,50,0,False,2026-07-18 01:04:56.367058+00:00,2026-07-18 01:04:56.367058+00:00,
372,1,176,,4,2026-07-22,08:00:00,09:00:00,50,0,False,2026-07-18 01:04:56.367058+00:00,2026-07-18 01:04:56.367058+00:00,
373,1,181,,4,2026-07-22,09:00:00,10:00:00,50,0,False,2026-07-18 01:04:56.367058+00:00,2026-07-18 01:04:56.367058+00:00,
374,1,186,,4,2026-07-22,10:00:00,14:00:00,50,0,False,2026-07-18 01:04:56.367058+00:00,2026-07-18 01:04:56.367058+00:00,
375,1,191,,4,2026-07-22,14:00:00,15:00:00,50,0,False,2026-07-18 01:04:56.367058+00:00,2026-07-18 01:04:56.367058+00:00,
376,1,196,,4,2026-07-22,15:00:00,17:00:00,50,0,False,2026-07-18 01:04:56.367058+00:00,2026-07-18 01:04:56.367058+00:00,
377,1,200,,5,2026-07-22,19:00:00,20:00:00,12,0,False,2026-07-18 01:04:56.367058+00:00,2026-07-18 01:04:56.367058+00:00,
378,1,203,,5,2026-07-22,20:00:00,21:00:00,12,0,False,2026-07-18 01:04:56.367058+00:00,2026-07-18 01:04:56.367058+00:00,
379,1,4,,1,2026-07-23,07:00:00,08:00:00,16,0,False,2026-07-18 01:04:59.410466+00:00,2026-07-18 01:04:59.410466+00:00,
380,1,9,,1,2026-07-23,08:00:00,09:00:00,16,0,False,2026-07-18 01:04:59.410466+00:00,2026-07-18 01:04:59.410466+00:00,
381,1,14,,1,2026-07-23,09:00:00,10:00:00,16,0,False,2026-07-18 01:04:59.410466+00:00,2026-07-18 01:04:59.410466+00:00,
382,1,19,,1,2026-07-23,14:00:00,15:00:00,16,0,False,2026-07-18 01:04:59.410466+00:00,2026-07-18 01:04:59.410466+00:00,
383,1,24,,1,2026-07-23,18:00:00,19:00:00,16,0,False,2026-07-18 01:04:59.410466+00:00,2026-07-18 01:04:59.410466+00:00,
384,1,29,,1,2026-07-23,19:00:00,20:00:00,16,0,False,2026-07-18 01:04:59.410466+00:00,2026-07-18 01:04:59.410466+00:00,
385,1,34,,1,2026-07-23,20:00:00,21:00:00,16,0,False,2026-07-18 01:04:59.410466+00:00,2026-07-18 01:04:59.410466+00:00,
386,1,39,,1,2026-07-23,21:00:00,22:00:00,16,0,False,2026-07-18 01:04:59.410466+00:00,2026-07-18 01:04:59.410466+00:00,
387,1,44,,3,2026-07-23,07:00:00,08:00:00,50,0,False,2026-07-18 01:04:59.410466+00:00,2026-07-18 01:04:59.410466+00:00,
388,1,49,,3,2026-07-23,08:00:00,09:00:00,50,0,False,2026-07-18 01:04:59.410466+00:00,2026-07-18 01:04:59.410466+00:00,
389,1,54,,3,2026-07-23,09:00:00,10:00:00,50,0,False,2026-07-18 01:04:59.410466+00:00,2026-07-18 01:04:59.410466+00:00,
390,1,59,,3,2026-07-23,10:00:00,14:00:00,50,0,False,2026-07-18 01:04:59.410466+00:00,2026-07-18 01:04:59.410466+00:00,
391,1,64,,3,2026-07-23,14:00:00,15:00:00,50,0,False,2026-07-18 01:04:59.410466+00:00,2026-07-18 01:04:59.410466+00:00,
392,1,69,,3,2026-07-23,15:00:00,17:00:00,50,0,False,2026-07-18 01:04:59.410466+00:00,2026-07-18 01:04:59.410466+00:00,
393,1,74,,3,2026-07-23,18:00:00,19:00:00,50,0,False,2026-07-18 01:04:59.410466+00:00,2026-07-18 01:04:59.410466+00:00,
394,1,4,,1,2026-07-23,07:00:00,08:00:00,16,0,False,2026-07-18 01:04:59.410466+00:00,2026-07-18 01:04:59.410466+00:00,
395,1,9,,1,2026-07-23,08:00:00,09:00:00,16,0,False,2026-07-18 01:04:59.410466+00:00,2026-07-18 01:04:59.410466+00:00,
396,1,14,,1,2026-07-23,09:00:00,10:00:00,16,0,False,2026-07-18 01:04:59.410466+00:00,2026-07-18 01:04:59.410466+00:00,
397,1,19,,1,2026-07-23,14:00:00,15:00:00,16,0,False,2026-07-18 01:04:59.410466+00:00,2026-07-18 01:04:59.410466+00:00,
398,1,24,,1,2026-07-23,18:00:00,19:00:00,16,0,False,2026-07-18 01:04:59.410466+00:00,2026-07-18 01:04:59.410466+00:00,
399,1,29,,1,2026-07-23,19:00:00,20:00:00,16,0,False,2026-07-18 01:04:59.410466+00:00,2026-07-18 01:04:59.410466+00:00,
400,1,34,,1,2026-07-23,20:00:00,21:00:00,16,0,False,2026-07-18 01:04:59.410466+00:00,2026-07-18 01:04:59.410466+00:00,
401,1,39,,1,2026-07-23,21:00:00,22:00:00,16,0,False,2026-07-18 01:04:59.410466+00:00,2026-07-18 01:04:59.410466+00:00,
402,1,44,,3,2026-07-23,07:00:00,08:00:00,50,0,False,2026-07-18 01:04:59.410466+00:00,2026-07-18 01:04:59.410466+00:00,
403,1,49,,3,2026-07-23,08:00:00,09:00:00,50,0,False,2026-07-18 01:04:59.410466+00:00,2026-07-18 01:04:59.410466+00:00,
404,1,54,,3,2026-07-23,09:00:00,10:00:00,50,0,False,2026-07-18 01:04:59.410466+00:00,2026-07-18 01:04:59.410466+00:00,
405,1,59,,3,2026-07-23,10:00:00,14:00:00,50,0,False,2026-07-18 01:04:59.410466+00:00,2026-07-18 01:04:59.410466+00:00,
406,1,64,,3,2026-07-23,14:00:00,15:00:00,50,0,False,2026-07-18 01:04:59.410466+00:00,2026-07-18 01:04:59.410466+00:00,
407,1,69,,3,2026-07-23,15:00:00,17:00:00,50,0,False,2026-07-18 01:04:59.410466+00:00,2026-07-18 01:04:59.410466+00:00,
408,1,74,,3,2026-07-23,18:00:00,19:00:00,50,0,False,2026-07-18 01:04:59.410466+00:00,2026-07-18 01:04:59.410466+00:00,
409,1,157,,3,2026-07-23,19:00:00,20:00:00,50,0,False,2026-07-18 01:04:59.410466+00:00,2026-07-18 01:04:59.410466+00:00,
410,1,162,,3,2026-07-23,20:00:00,21:00:00,50,0,False,2026-07-18 01:04:59.410466+00:00,2026-07-18 01:04:59.410466+00:00,
411,1,167,,3,2026-07-23,21:00:00,22:00:00,50,0,False,2026-07-18 01:04:59.410466+00:00,2026-07-18 01:04:59.410466+00:00,
412,1,172,,4,2026-07-23,07:00:00,08:00:00,50,0,False,2026-07-18 01:04:59.410466+00:00,2026-07-18 01:04:59.410466+00:00,
413,1,177,,4,2026-07-23,08:00:00,09:00:00,50,0,False,2026-07-18 01:04:59.410466+00:00,2026-07-18 01:04:59.410466+00:00,
414,1,182,,4,2026-07-23,09:00:00,10:00:00,50,0,False,2026-07-18 01:04:59.410466+00:00,2026-07-18 01:04:59.410466+00:00,
415,1,187,,4,2026-07-23,10:00:00,14:00:00,50,0,False,2026-07-18 01:04:59.410466+00:00,2026-07-18 01:04:59.410466+00:00,
416,1,192,,4,2026-07-23,14:00:00,15:00:00,50,0,False,2026-07-18 01:04:59.410466+00:00,2026-07-18 01:04:59.410466+00:00,
417,1,197,,4,2026-07-23,15:00:00,17:00:00,50,0,False,2026-07-18 01:04:59.410466+00:00,2026-07-18 01:04:59.410466+00:00,
418,1,5,,1,2026-07-24,07:00:00,08:00:00,16,0,False,2026-07-18 04:05:16.874937+00:00,2026-07-18 04:05:16.874937+00:00,
419,1,10,,1,2026-07-24,08:00:00,09:00:00,16,0,False,2026-07-18 04:05:16.874937+00:00,2026-07-18 04:05:16.874937+00:00,
420,1,15,,1,2026-07-24,09:00:00,10:00:00,16,0,False,2026-07-18 04:05:16.874937+00:00,2026-07-18 04:05:16.874937+00:00,
421,1,20,,1,2026-07-24,14:00:00,15:00:00,16,0,False,2026-07-18 04:05:16.874937+00:00,2026-07-18 04:05:16.874937+00:00,
422,1,25,,1,2026-07-24,18:00:00,19:00:00,16,0,False,2026-07-18 04:05:16.874937+00:00,2026-07-18 04:05:16.874937+00:00,
423,1,30,,1,2026-07-24,19:00:00,20:00:00,16,0,False,2026-07-18 04:05:16.874937+00:00,2026-07-18 04:05:16.874937+00:00,
424,1,35,,1,2026-07-24,20:00:00,21:00:00,16,0,False,2026-07-18 04:05:16.874937+00:00,2026-07-18 04:05:16.874937+00:00,
425,1,40,,1,2026-07-24,21:00:00,22:00:00,16,0,False,2026-07-18 04:05:16.874937+00:00,2026-07-18 04:05:16.874937+00:00,
426,1,45,,3,2026-07-24,07:00:00,08:00:00,50,0,False,2026-07-18 04:05:16.874937+00:00,2026-07-18 04:05:16.874937+00:00,
427,1,50,,3,2026-07-24,08:00:00,09:00:00,50,0,False,2026-07-18 04:05:16.874937+00:00,2026-07-18 04:05:16.874937+00:00,
428,1,55,,3,2026-07-24,09:00:00,10:00:00,50,0,False,2026-07-18 04:05:16.874937+00:00,2026-07-18 04:05:16.874937+00:00,
429,1,60,,3,2026-07-24,10:00:00,14:00:00,50,0,False,2026-07-18 04:05:16.874937+00:00,2026-07-18 04:05:16.874937+00:00,
430,1,65,,3,2026-07-24,14:00:00,15:00:00,50,0,False,2026-07-18 04:05:16.874937+00:00,2026-07-18 04:05:16.874937+00:00,
431,1,70,,3,2026-07-24,15:00:00,17:00:00,50,0,False,2026-07-18 04:05:16.874937+00:00,2026-07-18 04:05:16.874937+00:00,
432,1,75,,3,2026-07-24,18:00:00,19:00:00,50,0,False,2026-07-18 04:05:16.874937+00:00,2026-07-18 04:05:16.874937+00:00,
433,1,5,,1,2026-07-24,07:00:00,08:00:00,16,0,False,2026-07-18 04:05:16.874937+00:00,2026-07-18 04:05:16.874937+00:00,
434,1,10,,1,2026-07-24,08:00:00,09:00:00,16,0,False,2026-07-18 04:05:16.874937+00:00,2026-07-18 04:05:16.874937+00:00,
435,1,15,,1,2026-07-24,09:00:00,10:00:00,16,0,False,2026-07-18 04:05:16.874937+00:00,2026-07-18 04:05:16.874937+00:00,
436,1,20,,1,2026-07-24,14:00:00,15:00:00,16,0,False,2026-07-18 04:05:16.874937+00:00,2026-07-18 04:05:16.874937+00:00,
437,1,25,,1,2026-07-24,18:00:00,19:00:00,16,0,False,2026-07-18 04:05:16.874937+00:00,2026-07-18 04:05:16.874937+00:00,
438,1,30,,1,2026-07-24,19:00:00,20:00:00,16,0,False,2026-07-18 04:05:16.874937+00:00,2026-07-18 04:05:16.874937+00:00,
439,1,35,,1,2026-07-24,20:00:00,21:00:00,16,0,False,2026-07-18 04:05:16.874937+00:00,2026-07-18 04:05:16.874937+00:00,
440,1,40,,1,2026-07-24,21:00:00,22:00:00,16,0,False,2026-07-18 04:05:16.874937+00:00,2026-07-18 04:05:16.874937+00:00,
441,1,45,,3,2026-07-24,07:00:00,08:00:00,50,0,False,2026-07-18 04:05:16.874937+00:00,2026-07-18 04:05:16.874937+00:00,
442,1,50,,3,2026-07-24,08:00:00,09:00:00,50,0,False,2026-07-18 04:05:16.874937+00:00,2026-07-18 04:05:16.874937+00:00,
443,1,55,,3,2026-07-24,09:00:00,10:00:00,50,0,False,2026-07-18 04:05:16.874937+00:00,2026-07-18 04:05:16.874937+00:00,
444,1,60,,3,2026-07-24,10:00:00,14:00:00,50,0,False,2026-07-18 04:05:16.874937+00:00,2026-07-18 04:05:16.874937+00:00,
445,1,65,,3,2026-07-24,14:00:00,15:00:00,50,0,False,2026-07-18 04:05:16.874937+00:00,2026-07-18 04:05:16.874937+00:00,
446,1,70,,3,2026-07-24,15:00:00,17:00:00,50,0,False,2026-07-18 04:05:16.874937+00:00,2026-07-18 04:05:16.874937+00:00,
447,1,75,,3,2026-07-24,18:00:00,19:00:00,50,0,False,2026-07-18 04:05:16.874937+00:00,2026-07-18 04:05:16.874937+00:00,
448,1,158,,3,2026-07-24,19:00:00,20:00:00,50,0,False,2026-07-18 04:05:16.874937+00:00,2026-07-18 04:05:16.874937+00:00,
449,1,163,,3,2026-07-24,20:00:00,21:00:00,50,0,False,2026-07-18 04:05:16.874937+00:00,2026-07-18 04:05:16.874937+00:00,
450,1,168,,3,2026-07-24,21:00:00,22:00:00,50,0,False,2026-07-18 04:05:16.874937+00:00,2026-07-18 04:05:16.874937+00:00,
451,1,173,,4,2026-07-24,07:00:00,08:00:00,50,0,False,2026-07-18 04:05:16.874937+00:00,2026-07-18 04:05:16.874937+00:00,
452,1,178,,4,2026-07-24,08:00:00,09:00:00,50,0,False,2026-07-18 04:05:16.874937+00:00,2026-07-18 04:05:16.874937+00:00,
453,1,183,,4,2026-07-24,09:00:00,10:00:00,50,0,False,2026-07-18 04:05:16.874937+00:00,2026-07-18 04:05:16.874937+00:00,
454,1,188,,4,2026-07-24,10:00:00,14:00:00,50,0,False,2026-07-18 04:05:16.874937+00:00,2026-07-18 04:05:16.874937+00:00,
455,1,193,,4,2026-07-24,14:00:00,15:00:00,50,0,False,2026-07-18 04:05:16.874937+00:00,2026-07-18 04:05:16.874937+00:00,
456,1,198,,4,2026-07-24,15:00:00,17:00:00,50,0,False,2026-07-18 04:05:16.874937+00:00,2026-07-18 04:05:16.874937+00:00,
457,1,201,,5,2026-07-24,19:00:00,20:00:00,12,0,False,2026-07-18 04:05:16.874937+00:00,2026-07-18 04:05:16.874937+00:00,
458,1,204,,5,2026-07-24,20:00:00,21:00:00,12,0,False,2026-07-18 04:05:16.874937+00:00,2026-07-18 04:05:16.874937+00:00,
459,1,5,,1,2026-07-24,07:00:00,08:00:00,16,0,False,2026-07-18 04:05:17.570633+00:00,2026-07-18 04:05:17.570633+00:00,
460,1,10,,1,2026-07-24,08:00:00,09:00:00,16,0,False,2026-07-18 04:05:17.570633+00:00,2026-07-18 04:05:17.570633+00:00,
461,1,15,,1,2026-07-24,09:00:00,10:00:00,16,0,False,2026-07-18 04:05:17.570633+00:00,2026-07-18 04:05:17.570633+00:00,
462,1,20,,1,2026-07-24,14:00:00,15:00:00,16,0,False,2026-07-18 04:05:17.570633+00:00,2026-07-18 04:05:17.570633+00:00,
463,1,25,,1,2026-07-24,18:00:00,19:00:00,16,0,False,2026-07-18 04:05:17.570633+00:00,2026-07-18 04:05:17.570633+00:00,
464,1,30,,1,2026-07-24,19:00:00,20:00:00,16,0,False,2026-07-18 04:05:17.570633+00:00,2026-07-18 04:05:17.570633+00:00,
465,1,35,,1,2026-07-24,20:00:00,21:00:00,16,0,False,2026-07-18 04:05:17.570633+00:00,2026-07-18 04:05:17.570633+00:00,
466,1,40,,1,2026-07-24,21:00:00,22:00:00,16,0,False,2026-07-18 04:05:17.570633+00:00,2026-07-18 04:05:17.570633+00:00,
467,1,45,,3,2026-07-24,07:00:00,08:00:00,50,0,False,2026-07-18 04:05:17.570633+00:00,2026-07-18 04:05:17.570633+00:00,
468,1,50,,3,2026-07-24,08:00:00,09:00:00,50,0,False,2026-07-18 04:05:17.570633+00:00,2026-07-18 04:05:17.570633+00:00,
469,1,55,,3,2026-07-24,09:00:00,10:00:00,50,0,False,2026-07-18 04:05:17.570633+00:00,2026-07-18 04:05:17.570633+00:00,
470,1,60,,3,2026-07-24,10:00:00,14:00:00,50,0,False,2026-07-18 04:05:17.570633+00:00,2026-07-18 04:05:17.570633+00:00,
471,1,65,,3,2026-07-24,14:00:00,15:00:00,50,0,False,2026-07-18 04:05:17.570633+00:00,2026-07-18 04:05:17.570633+00:00,
472,1,70,,3,2026-07-24,15:00:00,17:00:00,50,0,False,2026-07-18 04:05:17.570633+00:00,2026-07-18 04:05:17.570633+00:00,
473,1,75,,3,2026-07-24,18:00:00,19:00:00,50,0,False,2026-07-18 04:05:17.570633+00:00,2026-07-18 04:05:17.570633+00:00,
474,1,5,,1,2026-07-24,07:00:00,08:00:00,16,0,False,2026-07-18 04:05:17.570633+00:00,2026-07-18 04:05:17.570633+00:00,
475,1,10,,1,2026-07-24,08:00:00,09:00:00,16,0,False,2026-07-18 04:05:17.570633+00:00,2026-07-18 04:05:17.570633+00:00,
476,1,15,,1,2026-07-24,09:00:00,10:00:00,16,0,False,2026-07-18 04:05:17.570633+00:00,2026-07-18 04:05:17.570633+00:00,
477,1,20,,1,2026-07-24,14:00:00,15:00:00,16,0,False,2026-07-18 04:05:17.570633+00:00,2026-07-18 04:05:17.570633+00:00,
478,1,25,,1,2026-07-24,18:00:00,19:00:00,16,0,False,2026-07-18 04:05:17.570633+00:00,2026-07-18 04:05:17.570633+00:00,
479,1,30,,1,2026-07-24,19:00:00,20:00:00,16,0,False,2026-07-18 04:05:17.570633+00:00,2026-07-18 04:05:17.570633+00:00,
480,1,35,,1,2026-07-24,20:00:00,21:00:00,16,0,False,2026-07-18 04:05:17.570633+00:00,2026-07-18 04:05:17.570633+00:00,
481,1,40,,1,2026-07-24,21:00:00,22:00:00,16,0,False,2026-07-18 04:05:17.570633+00:00,2026-07-18 04:05:17.570633+00:00,
482,1,45,,3,2026-07-24,07:00:00,08:00:00,50,0,False,2026-07-18 04:05:17.570633+00:00,2026-07-18 04:05:17.570633+00:00,
483,1,50,,3,2026-07-24,08:00:00,09:00:00,50,0,False,2026-07-18 04:05:17.570633+00:00,2026-07-18 04:05:17.570633+00:00,
484,1,55,,3,2026-07-24,09:00:00,10:00:00,50,0,False,2026-07-18 04:05:17.570633+00:00,2026-07-18 04:05:17.570633+00:00,
485,1,60,,3,2026-07-24,10:00:00,14:00:00,50,0,False,2026-07-18 04:05:17.570633+00:00,2026-07-18 04:05:17.570633+00:00,
486,1,65,,3,2026-07-24,14:00:00,15:00:00,50,0,False,2026-07-18 04:05:17.570633+00:00,2026-07-18 04:05:17.570633+00:00,
487,1,70,,3,2026-07-24,15:00:00,17:00:00,50,0,False,2026-07-18 04:05:17.570633+00:00,2026-07-18 04:05:17.570633+00:00,
488,1,75,,3,2026-07-24,18:00:00,19:00:00,50,0,False,2026-07-18 04:05:17.570633+00:00,2026-07-18 04:05:17.570633+00:00,
489,1,158,,3,2026-07-24,19:00:00,20:00:00,50,0,False,2026-07-18 04:05:17.570633+00:00,2026-07-18 04:05:17.570633+00:00,
490,1,205,,6,2026-07-25,10:00:00,12:00:00,16,0,False,2026-07-19 19:57:39.028473+00:00,2026-07-19 19:57:39.028473+00:00,
491,1,1,,1,2026-07-27,07:00:00,08:00:00,16,0,False,2026-07-21 04:05:12.189898+00:00,2026-07-21 04:05:12.189898+00:00,
492,1,6,,1,2026-07-27,08:00:00,09:00:00,16,0,False,2026-07-21 04:05:12.189898+00:00,2026-07-21 04:05:12.189898+00:00,
493,1,11,,1,2026-07-27,09:00:00,10:00:00,16,0,False,2026-07-21 04:05:12.189898+00:00,2026-07-21 04:05:12.189898+00:00,
494,1,16,,1,2026-07-27,14:00:00,15:00:00,16,0,False,2026-07-21 04:05:12.189898+00:00,2026-07-21 04:05:12.189898+00:00,
495,1,21,,1,2026-07-27,18:00:00,19:00:00,16,0,False,2026-07-21 04:05:12.189898+00:00,2026-07-21 04:05:12.189898+00:00,
496,1,26,,1,2026-07-27,19:00:00,20:00:00,16,0,False,2026-07-21 04:05:12.189898+00:00,2026-07-21 04:05:12.189898+00:00,
497,1,31,,1,2026-07-27,20:00:00,21:00:00,16,0,False,2026-07-21 04:05:12.189898+00:00,2026-07-21 04:05:12.189898+00:00,
498,1,36,,1,2026-07-27,21:00:00,22:00:00,16,0,False,2026-07-21 04:05:12.189898+00:00,2026-07-21 04:05:12.189898+00:00,
499,1,41,,3,2026-07-27,07:00:00,08:00:00,50,0,False,2026-07-21 04:05:12.189898+00:00,2026-07-21 04:05:12.189898+00:00,
500,1,46,,3,2026-07-27,08:00:00,09:00:00,50,0,False,2026-07-21 04:05:12.189898+00:00,2026-07-21 04:05:12.189898+00:00,
501,1,51,,3,2026-07-27,09:00:00,10:00:00,50,0,False,2026-07-21 04:05:12.189898+00:00,2026-07-21 04:05:12.189898+00:00,
502,1,56,,3,2026-07-27,10:00:00,14:00:00,50,0,False,2026-07-21 04:05:12.189898+00:00,2026-07-21 04:05:12.189898+00:00,
503,1,61,,3,2026-07-27,14:00:00,15:00:00,50,0,False,2026-07-21 04:05:12.189898+00:00,2026-07-21 04:05:12.189898+00:00,
504,1,66,,3,2026-07-27,15:00:00,17:00:00,50,0,False,2026-07-21 04:05:12.189898+00:00,2026-07-21 04:05:12.189898+00:00,
505,1,71,,3,2026-07-27,18:00:00,19:00:00,50,0,False,2026-07-21 04:05:12.189898+00:00,2026-07-21 04:05:12.189898+00:00,
506,1,76,,3,2026-07-27,19:00:00,20:00:00,50,0,False,2026-07-21 04:05:12.189898+00:00,2026-07-21 04:05:12.189898+00:00,
507,1,1,,1,2026-07-27,07:00:00,08:00:00,16,0,False,2026-07-21 04:05:12.189898+00:00,2026-07-21 04:05:12.189898+00:00,
508,1,6,,1,2026-07-27,08:00:00,09:00:00,16,0,False,2026-07-21 04:05:12.189898+00:00,2026-07-21 04:05:12.189898+00:00,
509,1,11,,1,2026-07-27,09:00:00,10:00:00,16,0,False,2026-07-21 04:05:12.189898+00:00,2026-07-21 04:05:12.189898+00:00,
510,1,16,,1,2026-07-27,14:00:00,15:00:00,16,0,False,2026-07-21 04:05:12.189898+00:00,2026-07-21 04:05:12.189898+00:00,
511,1,21,,1,2026-07-27,18:00:00,19:00:00,16,0,False,2026-07-21 04:05:12.189898+00:00,2026-07-21 04:05:12.189898+00:00,
512,1,26,,1,2026-07-27,19:00:00,20:00:00,16,0,False,2026-07-21 04:05:12.189898+00:00,2026-07-21 04:05:12.189898+00:00,
513,1,31,,1,2026-07-27,20:00:00,21:00:00,16,0,False,2026-07-21 04:05:12.189898+00:00,2026-07-21 04:05:12.189898+00:00,
514,1,36,,1,2026-07-27,21:00:00,22:00:00,16,0,False,2026-07-21 04:05:12.189898+00:00,2026-07-21 04:05:12.189898+00:00,
515,1,41,,3,2026-07-27,07:00:00,08:00:00,50,0,False,2026-07-21 04:05:12.189898+00:00,2026-07-21 04:05:12.189898+00:00,
516,1,46,,3,2026-07-27,08:00:00,09:00:00,50,0,False,2026-07-21 04:05:12.189898+00:00,2026-07-21 04:05:12.189898+00:00,
517,1,51,,3,2026-07-27,09:00:00,10:00:00,50,0,False,2026-07-21 04:05:12.189898+00:00,2026-07-21 04:05:12.189898+00:00,
518,1,56,,3,2026-07-27,10:00:00,14:00:00,50,0,False,2026-07-21 04:05:12.189898+00:00,2026-07-21 04:05:12.189898+00:00,
519,1,61,,3,2026-07-27,14:00:00,15:00:00,50,0,False,2026-07-21 04:05:12.189898+00:00,2026-07-21 04:05:12.189898+00:00,
520,1,66,,3,2026-07-27,15:00:00,17:00:00,50,0,False,2026-07-21 04:05:12.189898+00:00,2026-07-21 04:05:12.189898+00:00,
521,1,71,,3,2026-07-27,18:00:00,19:00:00,50,0,False,2026-07-21 04:05:12.189898+00:00,2026-07-21 04:05:12.189898+00:00,
522,1,76,,3,2026-07-27,19:00:00,20:00:00,50,0,False,2026-07-21 04:05:12.189898+00:00,2026-07-21 04:05:12.189898+00:00,
523,1,159,,3,2026-07-27,20:00:00,21:00:00,50,0,False,2026-07-21 04:05:12.189898+00:00,2026-07-21 04:05:12.189898+00:00,
524,1,164,,3,2026-07-27,21:00:00,22:00:00,50,0,False,2026-07-21 04:05:12.189898+00:00,2026-07-21 04:05:12.189898+00:00,
525,1,169,,4,2026-07-27,07:00:00,08:00:00,50,0,False,2026-07-21 04:05:12.189898+00:00,2026-07-21 04:05:12.189898+00:00,
526,1,174,,4,2026-07-27,08:00:00,09:00:00,50,0,False,2026-07-21 04:05:12.189898+00:00,2026-07-21 04:05:12.189898+00:00,
527,1,179,,4,2026-07-27,09:00:00,10:00:00,50,0,False,2026-07-21 04:05:12.189898+00:00,2026-07-21 04:05:12.189898+00:00,
528,1,184,,4,2026-07-27,10:00:00,14:00:00,50,0,False,2026-07-21 04:05:12.189898+00:00,2026-07-21 04:05:12.189898+00:00,
529,1,189,,4,2026-07-27,14:00:00,15:00:00,50,0,False,2026-07-21 04:05:12.189898+00:00,2026-07-21 04:05:12.189898+00:00,
530,1,194,,4,2026-07-27,15:00:00,17:00:00,50,0,False,2026-07-21 04:05:12.189898+00:00,2026-07-21 04:05:12.189898+00:00,
531,1,199,,5,2026-07-27,19:00:00,20:00:00,12,0,False,2026-07-21 04:05:12.189898+00:00,2026-07-21 04:05:12.189898+00:00,
532,1,202,,5,2026-07-27,20:00:00,21:00:00,12,0,False,2026-07-21 04:05:12.189898+00:00,2026-07-21 04:05:12.189898+00:00,
